,Age,Gender,IncomeLevel,MaritalStatus_Divorced,MaritalStatus_Married,MaritalStatus_Single,MaritalStatus_Widowed
0,1.2296280895906782,1,1.0,0.0,0.0,1.0,0.0
1,1.4265471238495815,1,1.0,0.0,1.0,0.0,0.0
2,-1.6585177462065699,1,1.0,0.0,0.0,1.0,0.0
3,-1.4615987119476666,1,1.0,0.0,0.0,0.0,1.0
4,-1.4615987119476666,1,2.0,1.0,0.0,0.0,0.0
5,0.9014296991591727,0,2.0,1.0,0.0,0.0,0.0
6,-1.06776064342986,0,0.0,0.0,1.0,0.0,0.0
7,-0.41136386256684915,1,1.0,0.0,0.0,1.0,0.0
8,-0.280084506394247,1,0.0,1.0,0.0,0.0,0.0
9,1.6234661581084848,1,0.0,0.0,1.0,0.0,0.0
10,0.7045106649002695,1,2.0,1.0,0.0,0.0,0.0
11,-0.14880515022164478,0,1.0,0.0,1.0,0.0,0.0
12,-1.2646796776887634,0,1.0,1.0,0.0,0.0,0.0
13,-0.08316547213534368,1,2.0,0.0,0.0,0.0,1.0
14,-0.08316547213534368,1,2.0,1.0,0.0,0.0,0.0
15,-0.8708416091709568,0,2.0,0.0,0.0,1.0,0.0
16,-1.5928780681202688,1,1.0,0.0,1.0,0.0,0.0
17,0.8357900210728716,0,0.0,0.0,1.0,0.0,0.0
18,0.9014296991591727,0,0.0,1.0,0.0,0.0,0.0
19,-0.14880515022164478,1,1.0,0.0,0.0,1.0,0.0
20,1.3609074457632804,1,0.0,1.0,0.0,0.0,0.0
21,-0.08316547213534368,0,1.0,1.0,0.0,0.0,0.0
22,-0.5426432187394513,0,1.0,1.0,0.0,0.0,0.0
23,0.7701503429865705,1,2.0,0.0,0.0,0.0,1.0
24,-0.01752579404904259,0,1.0,0.0,1.0,0.0,0.0
25,-0.8052019310846557,1,2.0,0.0,0.0,1.0,0.0
26,-1.1334003215161612,1,2.0,0.0,0.0,0.0,1.0
27,-1.06776064342986,0,0.0,0.0,0.0,0.0,1.0
28,-0.34572418448054804,0,2.0,1.0,0.0,0.0,0.0
29,1.689105836194786,1,0.0,1.0,0.0,0.0,0.0
30,-0.6082828968257524,1,1.0,1.0,0.0,0.0,0.0
31,1.689105836194786,0,0.0,0.0,1.0,0.0,0.0
32,-1.3303193557750645,1,0.0,1.0,0.0,0.0,0.0
33,-0.6739225749120535,1,0.0,0.0,0.0,0.0,1.0
34,1.4265471238495815,1,1.0,0.0,1.0,0.0,0.0
35,-1.6585177462065699,0,1.0,0.0,0.0,0.0,1.0
36,-0.47700354065315026,0,2.0,0.0,1.0,0.0,0.0
37,0.6388709868139684,0,1.0,0.0,1.0,0.0,0.0
38,-0.08316547213534368,1,2.0,0.0,1.0,0.0,0.0
39,1.5578264800221837,0,1.0,0.0,0.0,0.0,1.0
40,1.689105836194786,0,0.0,0.0,1.0,0.0,0.0
41,0.24503291829616178,1,2.0,0.0,0.0,0.0,1.0
42,-0.41136386256684915,1,1.0,0.0,0.0,1.0,0.0
43,-0.41136386256684915,0,1.0,0.0,0.0,0.0,1.0
44,-0.7395622529983547,0,1.0,0.0,0.0,0.0,1.0
45,0.9014296991591727,0,0.0,0.0,1.0,0.0,0.0
46,0.4419519525550651,0,2.0,0.0,1.0,0.0,0.0
47,-1.5928780681202688,1,2.0,1.0,0.0,0.0,0.0
48,-1.06776064342986,0,2.0,0.0,0.0,1.0,0.0
49,0.4419519525550651,0,1.0,0.0,0.0,1.0,0.0
50,0.376312274468764,1,2.0,1.0,0.0,0.0,0.0
51,-1.002120965343559,1,2.0,0.0,0.0,0.0,1.0
52,-0.14880515022164478,0,1.0,0.0,0.0,0.0,1.0
53,0.6388709868139684,0,1.0,0.0,1.0,0.0,0.0
54,-0.9364812872572579,0,1.0,0.0,0.0,1.0,0.0
55,1.6234661581084848,0,1.0,0.0,1.0,0.0,0.0
56,0.1793932402098607,0,0.0,1.0,0.0,0.0,0.0
57,0.5732313087276673,1,0.0,0.0,0.0,1.0,0.0
58,-1.6585177462065699,1,2.0,0.0,1.0,0.0,0.0
59,-1.6585177462065699,0,0.0,0.0,0.0,1.0,0.0
60,0.7045106649002695,1,1.0,0.0,0.0,1.0,0.0
61,-1.3303193557750645,0,0.0,0.0,1.0,0.0,0.0
62,0.8357900210728716,1,1.0,0.0,1.0,0.0,0.0
63,0.9670693772454738,0,0.0,0.0,0.0,1.0,0.0
64,-0.5426432187394513,0,1.0,1.0,0.0,0.0,0.0
65,-0.6739225749120535,1,2.0,0.0,0.0,0.0,1.0
66,-1.3959590338613654,0,2.0,0.0,0.0,1.0,0.0
67,1.0327090553317748,0,0.0,1.0,0.0,0.0,0.0
68,1.098348733418076,0,1.0,0.0,0.0,1.0,0.0
69,0.376312274468764,0,2.0,0.0,1.0,0.0,0.0
70,-1.5928780681202688,0,1.0,1.0,0.0,0.0,0.0
71,-1.5928780681202688,0,0.0,1.0,0.0,0.0,0.0
72,0.9014296991591727,1,1.0,0.0,0.0,1.0,0.0
73,1.0327090553317748,1,1.0,0.0,0.0,0.0,1.0
74,0.6388709868139684,0,0.0,0.0,0.0,1.0,0.0
75,0.8357900210728716,0,2.0,0.0,0.0,0.0,1.0
76,-0.9364812872572579,1,0.0,1.0,0.0,0.0,0.0
77,1.3609074457632804,1,1.0,0.0,0.0,0.0,1.0
78,-0.47700354065315026,1,0.0,0.0,1.0,0.0,0.0
79,0.1137535621235596,1,0.0,0.0,0.0,0.0,1.0
80,-1.6585177462065699,0,1.0,0.0,0.0,0.0,1.0
81,-0.7395622529983547,0,0.0,1.0,0.0,0.0,0.0
82,0.6388709868139684,1,2.0,0.0,0.0,0.0,1.0
83,-0.8708416091709568,1,2.0,1.0,0.0,0.0,0.0
84,1.098348733418076,1,0.0,0.0,1.0,0.0,0.0
85,-0.34572418448054804,1,1.0,0.0,1.0,0.0,0.0
86,-0.9364812872572579,0,0.0,0.0,0.0,1.0,0.0
87,-1.3959590338613654,1,0.0,0.0,0.0,1.0,0.0
88,-1.2646796776887634,1,2.0,0.0,0.0,1.0,0.0
89,-1.3959590338613654,1,2.0,0.0,1.0,0.0,0.0
90,1.4265471238495815,0,1.0,0.0,0.0,0.0,1.0
91,-1.4615987119476666,0,1.0,1.0,0.0,0.0,0.0
92,-0.8708416091709568,0,1.0,0.0,1.0,0.0,0.0
93,0.7045106649002695,1,0.0,0.0,0.0,0.0,1.0
94,0.9670693772454738,0,0.0,0.0,0.0,1.0,0.0
95,-0.7395622529983547,0,0.0,1.0,0.0,0.0,0.0
96,-0.6739225749120535,1,0.0,0.0,0.0,1.0,0.0
97,-0.34572418448054804,0,1.0,1.0,0.0,0.0,0.0
98,0.6388709868139684,1,1.0,0.0,0.0,0.0,1.0
99,-0.14880515022164478,0,1.0,0.0,1.0,0.0,0.0
100,-0.6739225749120535,0,0.0,0.0,0.0,1.0,0.0
101,-0.8052019310846557,1,0.0,0.0,1.0,0.0,0.0
102,-0.280084506394247,1,1.0,0.0,0.0,0.0,1.0
103,1.4921868019358826,0,2.0,0.0,0.0,0.0,1.0
104,1.5578264800221837,0,1.0,0.0,0.0,0.0,1.0
105,-1.3303193557750645,1,0.0,0.0,1.0,0.0,0.0
106,1.0327090553317748,0,0.0,0.0,1.0,0.0,0.0
107,0.6388709868139684,1,1.0,1.0,0.0,0.0,0.0
108,-1.6585177462065699,1,2.0,0.0,1.0,0.0,0.0
109,0.376312274468764,1,2.0,0.0,1.0,0.0,0.0
110,-1.3303193557750645,0,0.0,0.0,0.0,0.0,1.0
111,0.31067259638246286,0,0.0,1.0,0.0,0.0,0.0
112,-1.6585177462065699,0,0.0,0.0,1.0,0.0,0.0
113,1.5578264800221837,0,1.0,0.0,1.0,0.0,0.0
114,1.6234661581084848,0,0.0,0.0,0.0,0.0,1.0
115,0.7045106649002695,1,0.0,0.0,1.0,0.0,0.0
116,0.5732313087276673,0,0.0,0.0,0.0,0.0,1.0
117,1.4921868019358826,1,2.0,1.0,0.0,0.0,0.0
118,0.24503291829616178,1,2.0,0.0,0.0,0.0,1.0
119,-1.4615987119476666,0,0.0,0.0,0.0,0.0,1.0
120,0.5732313087276673,1,2.0,1.0,0.0,0.0,0.0
121,1.098348733418076,0,2.0,0.0,0.0,1.0,0.0
122,-0.8052019310846557,1,2.0,0.0,0.0,0.0,1.0
123,1.4921868019358826,1,2.0,0.0,1.0,0.0,0.0
124,0.9014296991591727,1,1.0,0.0,0.0,0.0,1.0
125,-0.280084506394247,0,2.0,1.0,0.0,0.0,0.0
126,-1.06776064342986,0,2.0,0.0,1.0,0.0,0.0
127,-1.6585177462065699,0,2.0,1.0,0.0,0.0,0.0
128,-1.002120965343559,0,2.0,0.0,0.0,0.0,1.0
129,1.6234661581084848,1,1.0,1.0,0.0,0.0,0.0
130,1.163988411504377,0,1.0,1.0,0.0,0.0,0.0
131,-0.14880515022164478,0,0.0,0.0,0.0,1.0,0.0
132,-1.5272383900339677,1,2.0,0.0,0.0,0.0,1.0
133,0.5732313087276673,1,2.0,0.0,0.0,0.0,1.0
134,0.6388709868139684,0,0.0,0.0,0.0,0.0,1.0
135,0.31067259638246286,1,1.0,0.0,0.0,0.0,1.0
136,-1.4615987119476666,0,0.0,0.0,1.0,0.0,0.0
137,-0.47700354065315026,1,1.0,1.0,0.0,0.0,0.0
138,1.3609074457632804,0,0.0,0.0,0.0,0.0,1.0
139,0.6388709868139684,1,0.0,0.0,1.0,0.0,0.0
140,-0.34572418448054804,0,2.0,0.0,0.0,0.0,1.0
141,-0.5426432187394513,1,0.0,1.0,0.0,0.0,0.0
142,1.6234661581084848,0,1.0,0.0,0.0,0.0,1.0
143,0.1137535621235596,0,1.0,0.0,1.0,0.0,0.0
144,-0.7395622529983547,0,0.0,0.0,1.0,0.0,0.0
145,1.0327090553317748,0,1.0,1.0,0.0,0.0,0.0
146,-1.5928780681202688,0,0.0,0.0,0.0,0.0,1.0
147,0.7045106649002695,0,2.0,0.0,1.0,0.0,0.0
148,-1.002120965343559,1,2.0,0.0,0.0,1.0,0.0
149,-0.21444482830794587,0,2.0,0.0,0.0,0.0,1.0
150,1.163988411504377,1,2.0,0.0,0.0,1.0,0.0
151,0.9670693772454738,0,0.0,0.0,1.0,0.0,0.0
152,-0.9364812872572579,1,1.0,0.0,1.0,0.0,0.0
153,-1.5272383900339677,0,0.0,1.0,0.0,0.0,0.0
154,1.689105836194786,1,1.0,1.0,0.0,0.0,0.0
155,-0.6082828968257524,0,0.0,0.0,0.0,0.0,1.0
156,0.4419519525550651,1,1.0,0.0,1.0,0.0,0.0
157,-1.6585177462065699,0,1.0,0.0,1.0,0.0,0.0
158,0.8357900210728716,1,0.0,0.0,1.0,0.0,0.0
159,-0.41136386256684915,1,2.0,0.0,1.0,0.0,0.0
160,1.3609074457632804,1,0.0,0.0,0.0,1.0,0.0
161,1.098348733418076,0,2.0,0.0,1.0,0.0,0.0
162,1.689105836194786,1,0.0,1.0,0.0,0.0,0.0
163,0.9670693772454738,0,1.0,0.0,0.0,0.0,1.0
164,-0.8052019310846557,0,2.0,0.0,0.0,0.0,1.0
165,0.31067259638246286,0,1.0,0.0,0.0,0.0,1.0
166,-0.08316547213534368,0,1.0,0.0,0.0,1.0,0.0
167,-1.5272383900339677,1,1.0,0.0,1.0,0.0,0.0
168,-1.4615987119476666,0,0.0,0.0,0.0,0.0,1.0
169,0.31067259638246286,1,1.0,1.0,0.0,0.0,0.0
170,0.5732313087276673,0,0.0,0.0,0.0,1.0,0.0
171,1.163988411504377,1,2.0,0.0,1.0,0.0,0.0
172,-0.8052019310846557,0,1.0,0.0,1.0,0.0,0.0
173,1.4921868019358826,0,2.0,0.0,1.0,0.0,0.0
174,0.9670693772454738,1,2.0,0.0,1.0,0.0,0.0
175,-1.1334003215161612,0,0.0,0.0,0.0,1.0,0.0
176,-0.41136386256684915,0,2.0,1.0,0.0,0.0,0.0
177,0.376312274468764,0,0.0,0.0,1.0,0.0,0.0
178,-1.1334003215161612,0,0.0,0.0,0.0,1.0,0.0
179,0.048113884037258504,0,2.0,0.0,0.0,1.0,0.0
180,-1.5272383900339677,0,2.0,1.0,0.0,0.0,0.0
181,-1.4615987119476666,0,2.0,0.0,0.0,1.0,0.0
182,1.2296280895906782,0,0.0,0.0,0.0,1.0,0.0
183,-0.7395622529983547,1,0.0,0.0,0.0,0.0,1.0
184,0.4419519525550651,0,2.0,0.0,0.0,0.0,1.0
185,-1.3959590338613654,1,0.0,1.0,0.0,0.0,0.0
186,-1.4615987119476666,0,2.0,0.0,0.0,0.0,1.0
187,1.2952677676769793,1,0.0,0.0,0.0,1.0,0.0
188,-0.9364812872572579,1,0.0,0.0,0.0,1.0,0.0
189,-0.21444482830794587,1,1.0,1.0,0.0,0.0,0.0
190,-0.8052019310846557,0,1.0,0.0,0.0,1.0,0.0
191,1.2952677676769793,0,2.0,1.0,0.0,0.0,0.0
192,-0.9364812872572579,1,1.0,0.0,0.0,0.0,1.0
193,-0.6082828968257524,0,0.0,0.0,0.0,0.0,1.0
194,-0.08316547213534368,0,2.0,0.0,1.0,0.0,0.0
195,0.24503291829616178,1,1.0,0.0,0.0,0.0,1.0
196,-0.280084506394247,0,2.0,0.0,1.0,0.0,0.0
197,1.3609074457632804,1,2.0,0.0,1.0,0.0,0.0
198,-0.01752579404904259,1,0.0,0.0,1.0,0.0,0.0
199,-0.6082828968257524,0,1.0,0.0,0.0,1.0,0.0
200,-0.41136386256684915,1,0.0,0.0,1.0,0.0,0.0
201,0.5075916306413661,0,2.0,0.0,0.0,0.0,1.0
202,0.9670693772454738,0,2.0,1.0,0.0,0.0,0.0
203,0.4419519525550651,0,2.0,0.0,0.0,0.0,1.0
204,0.7045106649002695,0,1.0,1.0,0.0,0.0,0.0
205,-1.2646796776887634,1,0.0,0.0,0.0,0.0,1.0
206,-0.280084506394247,0,0.0,1.0,0.0,0.0,0.0
207,0.376312274468764,0,1.0,0.0,0.0,0.0,1.0
208,-0.8052019310846557,0,0.0,1.0,0.0,0.0,0.0
209,-1.1990399996024623,1,0.0,0.0,1.0,0.0,0.0
210,-0.08316547213534368,1,2.0,1.0,0.0,0.0,0.0
211,-0.6739225749120535,0,2.0,0.0,1.0,0.0,0.0
212,1.0327090553317748,0,2.0,0.0,0.0,0.0,1.0
213,-0.47700354065315026,0,1.0,1.0,0.0,0.0,0.0
214,0.9670693772454738,0,2.0,1.0,0.0,0.0,0.0
215,-0.6739225749120535,0,0.0,0.0,0.0,0.0,1.0
216,-0.9364812872572579,1,1.0,0.0,1.0,0.0,0.0
217,0.8357900210728716,0,0.0,0.0,1.0,0.0,0.0
218,1.4265471238495815,1,1.0,0.0,0.0,1.0,0.0
219,0.24503291829616178,1,0.0,0.0,0.0,1.0,0.0
220,-1.5928780681202688,0,1.0,0.0,0.0,1.0,0.0
221,0.376312274468764,1,0.0,1.0,0.0,0.0,0.0
222,1.2296280895906782,0,2.0,1.0,0.0,0.0,0.0
223,-0.08316547213534368,1,1.0,1.0,0.0,0.0,0.0
224,-0.08316547213534368,1,0.0,0.0,0.0,0.0,1.0
225,-1.4615987119476666,0,0.0,0.0,0.0,1.0,0.0
226,-0.47700354065315026,1,0.0,0.0,0.0,0.0,1.0
227,1.4265471238495815,0,0.0,0.0,0.0,1.0,0.0
228,-1.4615987119476666,0,2.0,0.0,0.0,1.0,0.0
229,1.098348733418076,0,2.0,1.0,0.0,0.0,0.0
230,-0.8708416091709568,0,1.0,0.0,1.0,0.0,0.0
231,0.8357900210728716,0,1.0,0.0,0.0,1.0,0.0
232,0.6388709868139684,0,0.0,0.0,1.0,0.0,0.0
233,-0.21444482830794587,1,1.0,0.0,0.0,0.0,1.0
234,-1.3303193557750645,1,0.0,1.0,0.0,0.0,0.0
235,-0.14880515022164478,0,1.0,0.0,0.0,1.0,0.0
236,1.163988411504377,1,1.0,1.0,0.0,0.0,0.0
237,0.4419519525550651,1,0.0,0.0,0.0,0.0,1.0
238,-0.9364812872572579,0,2.0,0.0,1.0,0.0,0.0
239,0.9670693772454738,1,0.0,1.0,0.0,0.0,0.0
240,-0.34572418448054804,0,2.0,1.0,0.0,0.0,0.0
241,-1.002120965343559,0,1.0,0.0,0.0,1.0,0.0
242,1.163988411504377,1,2.0,0.0,1.0,0.0,0.0
243,0.7701503429865705,0,0.0,0.0,0.0,0.0,1.0
244,0.1793932402098607,0,1.0,0.0,0.0,1.0,0.0
245,1.4265471238495815,0,2.0,1.0,0.0,0.0,0.0
246,0.9670693772454738,0,2.0,1.0,0.0,0.0,0.0
247,-1.5272383900339677,1,0.0,0.0,1.0,0.0,0.0
248,0.1137535621235596,0,1.0,0.0,0.0,0.0,1.0
249,-0.41136386256684915,1,1.0,0.0,0.0,0.0,1.0
250,-0.01752579404904259,0,2.0,1.0,0.0,0.0,0.0
251,-0.14880515022164478,1,2.0,0.0,0.0,0.0,1.0
252,1.689105836194786,1,2.0,0.0,0.0,1.0,0.0
253,1.3609074457632804,0,1.0,0.0,1.0,0.0,0.0
254,-0.34572418448054804,1,2.0,1.0,0.0,0.0,0.0
255,0.24503291829616178,0,2.0,0.0,0.0,0.0,1.0
256,-1.4615987119476666,0,1.0,0.0,0.0,0.0,1.0
257,0.6388709868139684,1,1.0,0.0,0.0,1.0,0.0
258,0.9014296991591727,1,0.0,0.0,0.0,0.0,1.0
259,-1.06776064342986,1,1.0,0.0,0.0,1.0,0.0
260,-1.06776064342986,1,1.0,0.0,1.0,0.0,0.0
261,1.0327090553317748,0,0.0,1.0,0.0,0.0,0.0
262,-0.14880515022164478,1,1.0,0.0,0.0,1.0,0.0
263,-1.4615987119476666,0,0.0,0.0,0.0,0.0,1.0
264,1.3609074457632804,1,1.0,0.0,0.0,0.0,1.0
265,0.048113884037258504,1,0.0,0.0,1.0,0.0,0.0
266,1.6234661581084848,0,2.0,0.0,0.0,1.0,0.0
267,1.2296280895906782,1,2.0,1.0,0.0,0.0,0.0
268,-1.4615987119476666,0,2.0,0.0,0.0,0.0,1.0
269,0.376312274468764,1,0.0,0.0,0.0,1.0,0.0
270,-1.06776064342986,1,2.0,0.0,0.0,0.0,1.0
271,-1.002120965343559,0,1.0,1.0,0.0,0.0,0.0
272,0.1137535621235596,0,0.0,0.0,0.0,1.0,0.0
273,1.2952677676769793,0,1.0,0.0,0.0,0.0,1.0
274,-1.1990399996024623,0,1.0,1.0,0.0,0.0,0.0
275,0.9014296991591727,0,1.0,0.0,0.0,1.0,0.0
276,-0.280084506394247,0,0.0,0.0,0.0,1.0,0.0
277,0.5075916306413661,0,1.0,0.0,1.0,0.0,0.0
278,1.2296280895906782,1,2.0,1.0,0.0,0.0,0.0
279,0.5732313087276673,0,0.0,0.0,0.0,1.0,0.0
280,0.5732313087276673,1,2.0,0.0,1.0,0.0,0.0
281,-0.08316547213534368,1,0.0,0.0,0.0,1.0,0.0
282,0.5075916306413661,0,1.0,0.0,0.0,0.0,1.0
283,-1.3303193557750645,1,2.0,0.0,1.0,0.0,0.0
284,0.9670693772454738,1,0.0,0.0,0.0,1.0,0.0
285,0.7045106649002695,0,1.0,0.0,0.0,0.0,1.0
286,-1.6585177462065699,1,1.0,0.0,0.0,0.0,1.0
287,-0.9364812872572579,0,0.0,0.0,0.0,0.0,1.0
288,0.5732313087276673,1,0.0,0.0,1.0,0.0,0.0
289,-1.3303193557750645,1,0.0,0.0,0.0,0.0,1.0
290,-0.6082828968257524,0,0.0,1.0,0.0,0.0,0.0
291,-1.1334003215161612,1,2.0,0.0,0.0,1.0,0.0
292,-1.5928780681202688,1,0.0,1.0,0.0,0.0,0.0
293,-0.5426432187394513,0,1.0,0.0,0.0,0.0,1.0
294,1.4921868019358826,0,2.0,0.0,0.0,0.0,1.0
295,0.6388709868139684,1,1.0,1.0,0.0,0.0,0.0
296,0.1137535621235596,1,1.0,0.0,1.0,0.0,0.0
297,0.9670693772454738,0,0.0,0.0,0.0,0.0,1.0
298,0.7045106649002695,1,2.0,0.0,0.0,0.0,1.0
299,1.4921868019358826,0,0.0,1.0,0.0,0.0,0.0
300,-0.01752579404904259,0,1.0,0.0,0.0,0.0,1.0
301,-1.4615987119476666,1,0.0,0.0,0.0,0.0,1.0
302,0.9014296991591727,0,0.0,0.0,1.0,0.0,0.0
303,0.6388709868139684,0,0.0,0.0,1.0,0.0,0.0
304,1.6234661581084848,1,0.0,0.0,1.0,0.0,0.0
305,0.31067259638246286,0,0.0,0.0,1.0,0.0,0.0
306,0.24503291829616178,1,0.0,0.0,1.0,0.0,0.0
307,1.5578264800221837,1,2.0,0.0,0.0,0.0,1.0
308,0.5075916306413661,1,0.0,0.0,0.0,1.0,0.0
309,-0.47700354065315026,0,2.0,0.0,0.0,0.0,1.0
310,-0.5426432187394513,1,0.0,0.0,0.0,0.0,1.0
311,0.24503291829616178,1,2.0,0.0,0.0,1.0,0.0
312,-0.34572418448054804,1,1.0,1.0,0.0,0.0,0.0
313,-1.5272383900339677,1,2.0,0.0,0.0,1.0,0.0
314,-1.3303193557750645,0,2.0,0.0,1.0,0.0,0.0
315,0.7701503429865705,0,1.0,0.0,0.0,0.0,1.0
316,-0.8708416091709568,1,0.0,0.0,1.0,0.0,0.0
317,1.2296280895906782,0,0.0,0.0,0.0,1.0,0.0
318,-1.5272383900339677,0,2.0,1.0,0.0,0.0,0.0
319,1.4265471238495815,0,0.0,1.0,0.0,0.0,0.0
320,0.1137535621235596,1,0.0,0.0,0.0,0.0,1.0
321,-0.280084506394247,0,1.0,0.0,0.0,1.0,0.0
322,0.9014296991591727,0,0.0,0.0,1.0,0.0,0.0
323,0.9014296991591727,0,0.0,0.0,1.0,0.0,0.0
324,-0.9364812872572579,0,2.0,1.0,0.0,0.0,0.0
325,-0.21444482830794587,0,0.0,0.0,0.0,0.0,1.0
326,0.31067259638246286,1,0.0,0.0,0.0,1.0,0.0
327,-0.5426432187394513,0,2.0,0.0,1.0,0.0,0.0
328,-1.2646796776887634,0,2.0,1.0,0.0,0.0,0.0
329,-1.1990399996024623,1,2.0,0.0,0.0,0.0,1.0
330,-0.47700354065315026,1,0.0,1.0,0.0,0.0,0.0
331,0.1793932402098607,1,0.0,0.0,0.0,0.0,1.0
332,1.163988411504377,1,0.0,0.0,0.0,1.0,0.0
333,-0.41136386256684915,0,0.0,1.0,0.0,0.0,0.0
334,1.5578264800221837,0,0.0,0.0,1.0,0.0,0.0
335,1.0327090553317748,0,0.0,0.0,0.0,0.0,1.0
336,0.24503291829616178,0,2.0,1.0,0.0,0.0,0.0
337,1.3609074457632804,0,2.0,0.0,0.0,0.0,1.0
338,-0.280084506394247,1,0.0,1.0,0.0,0.0,0.0
339,-1.06776064342986,0,1.0,1.0,0.0,0.0,0.0
340,-0.01752579404904259,1,2.0,0.0,0.0,1.0,0.0
341,1.6234661581084848,1,0.0,0.0,1.0,0.0,0.0
342,0.4419519525550651,1,2.0,1.0,0.0,0.0,0.0
343,0.1137535621235596,0,1.0,0.0,0.0,1.0,0.0
344,-1.06776064342986,0,2.0,0.0,0.0,0.0,1.0
345,0.1793932402098607,1,2.0,0.0,0.0,0.0,1.0
346,1.163988411504377,1,2.0,1.0,0.0,0.0,0.0
347,-0.5426432187394513,1,2.0,0.0,1.0,0.0,0.0
348,1.0327090553317748,1,0.0,0.0,0.0,0.0,1.0
349,-1.6585177462065699,1,1.0,1.0,0.0,0.0,0.0
350,-0.21444482830794587,1,0.0,0.0,0.0,0.0,1.0
351,-0.6082828968257524,0,2.0,0.0,0.0,1.0,0.0
352,1.098348733418076,1,2.0,1.0,0.0,0.0,0.0
353,0.7045106649002695,1,2.0,1.0,0.0,0.0,0.0
354,0.31067259638246286,1,1.0,1.0,0.0,0.0,0.0
355,-0.08316547213534368,1,1.0,0.0,0.0,1.0,0.0
356,-1.4615987119476666,1,0.0,1.0,0.0,0.0,0.0
357,1.689105836194786,0,2.0,1.0,0.0,0.0,0.0
358,-1.1334003215161612,1,1.0,0.0,0.0,1.0,0.0
359,0.1137535621235596,0,2.0,0.0,0.0,0.0,1.0
360,0.24503291829616178,1,0.0,0.0,0.0,1.0,0.0
361,1.3609074457632804,1,0.0,0.0,1.0,0.0,0.0
362,-0.14880515022164478,0,1.0,0.0,0.0,1.0,0.0
363,0.4419519525550651,1,0.0,0.0,0.0,0.0,1.0
364,-0.41136386256684915,0,1.0,1.0,0.0,0.0,0.0
365,-1.1334003215161612,0,2.0,1.0,0.0,0.0,0.0
366,-1.1990399996024623,0,1.0,0.0,0.0,1.0,0.0
367,-0.14880515022164478,0,0.0,0.0,1.0,0.0,0.0
368,-0.8052019310846557,0,2.0,0.0,0.0,1.0,0.0
369,-0.5426432187394513,0,0.0,0.0,1.0,0.0,0.0
370,-1.6585177462065699,1,2.0,0.0,0.0,1.0,0.0
371,-0.9364812872572579,0,2.0,0.0,1.0,0.0,0.0
372,0.1793932402098607,1,2.0,0.0,1.0,0.0,0.0
373,0.7045106649002695,1,2.0,1.0,0.0,0.0,0.0
374,-0.01752579404904259,0,0.0,0.0,1.0,0.0,0.0
375,0.4419519525550651,0,1.0,1.0,0.0,0.0,0.0
376,1.098348733418076,0,2.0,0.0,0.0,1.0,0.0
377,-0.7395622529983547,1,0.0,0.0,0.0,1.0,0.0
378,-0.21444482830794587,0,0.0,0.0,0.0,1.0,0.0
379,0.1793932402098607,0,0.0,0.0,0.0,1.0,0.0
380,-0.34572418448054804,1,1.0,0.0,0.0,1.0,0.0
381,-0.47700354065315026,0,0.0,1.0,0.0,0.0,0.0
382,-1.3959590338613654,1,0.0,0.0,0.0,1.0,0.0
383,-0.21444482830794587,0,1.0,0.0,1.0,0.0,0.0
384,0.6388709868139684,1,0.0,0.0,0.0,0.0,1.0
385,-0.41136386256684915,0,0.0,1.0,0.0,0.0,0.0
386,-1.1990399996024623,1,1.0,0.0,1.0,0.0,0.0
387,-1.1334003215161612,0,1.0,0.0,0.0,0.0,1.0
388,-0.8052019310846557,0,1.0,0.0,0.0,0.0,1.0
389,-1.3303193557750645,1,2.0,1.0,0.0,0.0,0.0
390,-1.6585177462065699,0,1.0,0.0,1.0,0.0,0.0
391,-1.1334003215161612,0,2.0,0.0,0.0,0.0,1.0
392,-0.6739225749120535,1,2.0,0.0,0.0,0.0,1.0
393,-0.6739225749120535,1,1.0,1.0,0.0,0.0,0.0
394,-0.9364812872572579,0,2.0,0.0,0.0,1.0,0.0
395,-1.3959590338613654,1,0.0,0.0,0.0,0.0,1.0
396,0.9014296991591727,0,0.0,1.0,0.0,0.0,0.0
397,0.1793932402098607,0,1.0,1.0,0.0,0.0,0.0
398,1.2952677676769793,1,2.0,0.0,1.0,0.0,0.0
399,0.048113884037258504,1,0.0,1.0,0.0,0.0,0.0
400,-1.002120965343559,0,2.0,1.0,0.0,0.0,0.0
401,1.3609074457632804,1,2.0,0.0,0.0,1.0,0.0
402,1.5578264800221837,0,0.0,0.0,0.0,0.0,1.0
403,0.1137535621235596,1,1.0,0.0,1.0,0.0,0.0
404,1.689105836194786,0,2.0,1.0,0.0,0.0,0.0
405,0.6388709868139684,0,0.0,0.0,1.0,0.0,0.0
406,1.0327090553317748,0,1.0,0.0,0.0,0.0,1.0
407,-0.47700354065315026,0,2.0,1.0,0.0,0.0,0.0
408,0.5732313087276673,0,2.0,1.0,0.0,0.0,0.0
409,1.689105836194786,0,2.0,0.0,1.0,0.0,0.0
410,0.31067259638246286,0,2.0,0.0,0.0,1.0,0.0
411,1.163988411504377,1,1.0,0.0,0.0,0.0,1.0
412,-0.47700354065315026,1,2.0,0.0,0.0,0.0,1.0
413,1.2952677676769793,1,0.0,0.0,0.0,0.0,1.0
414,-0.14880515022164478,0,0.0,1.0,0.0,0.0,0.0
415,-1.5928780681202688,1,0.0,1.0,0.0,0.0,0.0
416,-1.2646796776887634,1,1.0,1.0,0.0,0.0,0.0
417,1.098348733418076,1,0.0,0.0,1.0,0.0,0.0
418,1.4921868019358826,1,2.0,0.0,0.0,0.0,1.0
419,0.31067259638246286,0,2.0,0.0,0.0,0.0,1.0
420,-0.6082828968257524,0,0.0,0.0,0.0,0.0,1.0
421,0.048113884037258504,1,1.0,0.0,0.0,1.0,0.0
422,0.6388709868139684,0,1.0,1.0,0.0,0.0,0.0
423,1.5578264800221837,0,2.0,0.0,0.0,0.0,1.0
424,1.098348733418076,0,2.0,0.0,0.0,0.0,1.0
425,-1.06776064342986,0,0.0,1.0,0.0,0.0,0.0
426,1.2296280895906782,0,1.0,1.0,0.0,0.0,0.0
427,-0.8052019310846557,1,0.0,0.0,0.0,0.0,1.0
428,-1.2646796776887634,0,2.0,0.0,1.0,0.0,0.0
429,0.8357900210728716,1,2.0,0.0,1.0,0.0,0.0
430,0.9014296991591727,0,0.0,0.0,1.0,0.0,0.0
431,-1.1334003215161612,1,1.0,0.0,1.0,0.0,0.0
432,-0.8052019310846557,1,2.0,0.0,0.0,1.0,0.0
433,-1.1990399996024623,0,2.0,0.0,1.0,0.0,0.0
434,-0.6082828968257524,1,1.0,0.0,0.0,0.0,1.0
435,-0.21444482830794587,0,2.0,0.0,0.0,0.0,1.0
436,-0.6739225749120535,1,1.0,0.0,0.0,0.0,1.0
437,-0.01752579404904259,1,1.0,0.0,1.0,0.0,0.0
438,-1.1334003215161612,0,2.0,1.0,0.0,0.0,0.0
439,0.6388709868139684,1,0.0,0.0,0.0,0.0,1.0
440,-1.2646796776887634,0,2.0,0.0,1.0,0.0,0.0
441,-0.5426432187394513,1,2.0,0.0,0.0,1.0,0.0
442,-1.1990399996024623,0,2.0,0.0,0.0,1.0,0.0
443,-0.34572418448054804,1,2.0,0.0,0.0,0.0,1.0
444,-0.01752579404904259,1,0.0,1.0,0.0,0.0,0.0
445,-1.5272383900339677,0,0.0,0.0,0.0,1.0,0.0
446,-0.6082828968257524,0,0.0,0.0,1.0,0.0,0.0
447,1.6234661581084848,1,1.0,0.0,1.0,0.0,0.0
448,1.2952677676769793,0,0.0,0.0,0.0,1.0,0.0
449,-0.14880515022164478,1,1.0,0.0,0.0,0.0,1.0
450,-0.08316547213534368,1,2.0,0.0,0.0,0.0,1.0
451,-1.3959590338613654,1,0.0,0.0,0.0,1.0,0.0
452,0.7045106649002695,0,0.0,0.0,1.0,0.0,0.0
453,1.2296280895906782,0,0.0,1.0,0.0,0.0,0.0
454,1.5578264800221837,0,0.0,0.0,1.0,0.0,0.0
455,-0.14880515022164478,1,0.0,1.0,0.0,0.0,0.0
456,0.31067259638246286,1,2.0,1.0,0.0,0.0,0.0
457,-0.01752579404904259,1,0.0,0.0,0.0,1.0,0.0
458,-0.34572418448054804,0,1.0,0.0,0.0,0.0,1.0
459,0.5075916306413661,1,1.0,1.0,0.0,0.0,0.0
460,0.7701503429865705,0,0.0,0.0,1.0,0.0,0.0
461,-0.14880515022164478,0,1.0,0.0,0.0,0.0,1.0
462,0.1137535621235596,0,0.0,0.0,0.0,0.0,1.0
463,0.24503291829616178,0,2.0,0.0,1.0,0.0,0.0
464,0.5075916306413661,0,1.0,0.0,0.0,1.0,0.0
465,1.689105836194786,1,0.0,0.0,0.0,0.0,1.0
466,1.689105836194786,1,1.0,1.0,0.0,0.0,0.0
467,-0.21444482830794587,1,0.0,0.0,1.0,0.0,0.0
468,-1.1990399996024623,1,1.0,1.0,0.0,0.0,0.0
469,1.0327090553317748,0,2.0,0.0,1.0,0.0,0.0
470,1.5578264800221837,0,1.0,0.0,1.0,0.0,0.0
471,-1.06776064342986,0,1.0,0.0,0.0,0.0,1.0
472,-1.6585177462065699,1,1.0,0.0,1.0,0.0,0.0
473,-0.41136386256684915,1,1.0,0.0,0.0,0.0,1.0
474,0.7045106649002695,0,0.0,0.0,1.0,0.0,0.0
475,-0.5426432187394513,1,2.0,0.0,0.0,0.0,1.0
476,-0.34572418448054804,1,2.0,0.0,0.0,0.0,1.0
477,1.4921868019358826,1,1.0,0.0,0.0,1.0,0.0
478,-1.4615987119476666,0,1.0,0.0,0.0,0.0,1.0
479,1.098348733418076,1,2.0,0.0,0.0,0.0,1.0
480,-1.5928780681202688,0,2.0,0.0,0.0,0.0,1.0
481,-0.34572418448054804,1,2.0,0.0,0.0,1.0,0.0
482,0.7045106649002695,0,2.0,1.0,0.0,0.0,0.0
483,-1.3959590338613654,1,1.0,1.0,0.0,0.0,0.0
484,-0.6082828968257524,1,2.0,0.0,0.0,1.0,0.0
485,1.4921868019358826,0,1.0,0.0,0.0,0.0,1.0
486,1.4265471238495815,0,1.0,0.0,0.0,0.0,1.0
487,-1.002120965343559,0,2.0,0.0,1.0,0.0,0.0
488,1.2952677676769793,1,0.0,1.0,0.0,0.0,0.0
489,0.9670693772454738,0,1.0,0.0,0.0,0.0,1.0
490,0.31067259638246286,1,2.0,0.0,0.0,0.0,1.0
491,0.1137535621235596,0,1.0,1.0,0.0,0.0,0.0
492,1.163988411504377,1,0.0,0.0,0.0,0.0,1.0
493,0.376312274468764,1,2.0,0.0,0.0,1.0,0.0
494,-0.34572418448054804,1,1.0,0.0,0.0,0.0,1.0
495,-1.2646796776887634,0,0.0,0.0,0.0,0.0,1.0
496,-1.06776064342986,1,0.0,1.0,0.0,0.0,0.0
497,0.1137535621235596,0,1.0,0.0,0.0,1.0,0.0
498,1.4265471238495815,1,2.0,0.0,1.0,0.0,0.0
499,0.6388709868139684,1,2.0,1.0,0.0,0.0,0.0
500,-0.41136386256684915,1,1.0,0.0,1.0,0.0,0.0
501,-0.8708416091709568,1,0.0,0.0,1.0,0.0,0.0
502,-0.47700354065315026,0,0.0,0.0,0.0,1.0,0.0
503,1.5578264800221837,1,0.0,0.0,1.0,0.0,0.0
504,-1.002120965343559,1,0.0,0.0,0.0,1.0,0.0
505,0.5732313087276673,0,1.0,0.0,0.0,0.0,1.0
506,0.5075916306413661,1,0.0,0.0,0.0,1.0,0.0
507,1.163988411504377,0,1.0,1.0,0.0,0.0,0.0
508,-1.4615987119476666,0,2.0,0.0,1.0,0.0,0.0
509,-0.8708416091709568,1,2.0,0.0,0.0,1.0,0.0
510,0.7045106649002695,1,0.0,1.0,0.0,0.0,0.0
511,-1.5928780681202688,0,0.0,0.0,0.0,1.0,0.0
512,1.5578264800221837,0,0.0,0.0,1.0,0.0,0.0
513,-1.6585177462065699,0,2.0,0.0,1.0,0.0,0.0
514,0.9014296991591727,0,1.0,1.0,0.0,0.0,0.0
515,-0.08316547213534368,0,1.0,1.0,0.0,0.0,0.0
516,0.7045106649002695,0,1.0,1.0,0.0,0.0,0.0
517,0.6388709868139684,0,0.0,1.0,0.0,0.0,0.0
518,-1.3303193557750645,0,1.0,1.0,0.0,0.0,0.0
519,-1.2646796776887634,1,0.0,0.0,1.0,0.0,0.0
520,-1.4615987119476666,0,2.0,0.0,0.0,0.0,1.0
521,0.5732313087276673,1,1.0,1.0,0.0,0.0,0.0
522,0.9670693772454738,1,0.0,0.0,0.0,0.0,1.0
523,0.5075916306413661,0,1.0,1.0,0.0,0.0,0.0
524,0.1793932402098607,0,2.0,1.0,0.0,0.0,0.0
525,-1.3959590338613654,1,1.0,1.0,0.0,0.0,0.0
526,0.048113884037258504,1,1.0,0.0,1.0,0.0,0.0
527,0.4419519525550651,0,2.0,0.0,0.0,0.0,1.0
528,1.2952677676769793,0,0.0,0.0,1.0,0.0,0.0
529,1.689105836194786,0,0.0,0.0,0.0,1.0,0.0
530,-1.06776064342986,0,0.0,1.0,0.0,0.0,0.0
531,-1.3303193557750645,1,1.0,1.0,0.0,0.0,0.0
532,0.5075916306413661,1,1.0,0.0,0.0,0.0,1.0
533,-1.1990399996024623,1,0.0,0.0,1.0,0.0,0.0
534,0.31067259638246286,1,0.0,0.0,1.0,0.0,0.0
535,-1.1334003215161612,1,1.0,0.0,1.0,0.0,0.0
536,-0.34572418448054804,1,0.0,1.0,0.0,0.0,0.0
537,-1.1990399996024623,1,0.0,0.0,0.0,0.0,1.0
538,-1.4615987119476666,0,1.0,0.0,0.0,1.0,0.0
539,-0.280084506394247,0,2.0,0.0,0.0,1.0,0.0
540,0.1137535621235596,0,1.0,0.0,1.0,0.0,0.0
541,1.2296280895906782,0,0.0,0.0,0.0,0.0,1.0
542,-1.4615987119476666,1,0.0,0.0,1.0,0.0,0.0
543,0.8357900210728716,1,2.0,0.0,1.0,0.0,0.0
544,-0.34572418448054804,0,2.0,0.0,1.0,0.0,0.0
545,-1.1990399996024623,1,1.0,0.0,0.0,1.0,0.0
546,-0.41136386256684915,1,2.0,0.0,0.0,1.0,0.0
547,0.376312274468764,1,0.0,0.0,1.0,0.0,0.0
548,-1.6585177462065699,1,0.0,0.0,0.0,0.0,1.0
549,-1.3303193557750645,0,0.0,0.0,0.0,1.0,0.0
550,0.1137535621235596,0,0.0,0.0,1.0,0.0,0.0
551,1.163988411504377,0,2.0,0.0,0.0,1.0,0.0
552,0.31067259638246286,0,0.0,1.0,0.0,0.0,0.0
553,-1.06776064342986,1,0.0,1.0,0.0,0.0,0.0
554,-0.41136386256684915,0,0.0,0.0,0.0,1.0,0.0
555,-1.1990399996024623,1,1.0,0.0,1.0,0.0,0.0
556,-0.280084506394247,0,1.0,0.0,0.0,1.0,0.0
557,0.7701503429865705,1,0.0,0.0,0.0,0.0,1.0
558,0.1793932402098607,0,2.0,0.0,1.0,0.0,0.0
559,-1.1334003215161612,1,2.0,0.0,1.0,0.0,0.0
560,1.163988411504377,1,1.0,0.0,1.0,0.0,0.0
561,1.3609074457632804,1,1.0,0.0,1.0,0.0,0.0
562,-1.6585177462065699,1,2.0,0.0,0.0,0.0,1.0
563,0.9670693772454738,1,1.0,0.0,0.0,1.0,0.0
564,1.689105836194786,1,1.0,0.0,0.0,1.0,0.0
565,0.8357900210728716,1,0.0,1.0,0.0,0.0,0.0
566,-0.01752579404904259,1,2.0,0.0,1.0,0.0,0.0
567,-1.002120965343559,1,0.0,1.0,0.0,0.0,0.0
568,1.689105836194786,0,1.0,0.0,0.0,0.0,1.0
569,0.5732313087276673,0,1.0,0.0,0.0,1.0,0.0
570,-0.14880515022164478,0,1.0,0.0,0.0,1.0,0.0
571,0.4419519525550651,0,1.0,0.0,1.0,0.0,0.0
572,-0.41136386256684915,0,2.0,0.0,0.0,1.0,0.0
573,0.048113884037258504,1,2.0,0.0,0.0,0.0,1.0
574,-0.7395622529983547,0,2.0,0.0,0.0,0.0,1.0
575,0.4419519525550651,0,2.0,0.0,1.0,0.0,0.0
576,1.689105836194786,1,0.0,1.0,0.0,0.0,0.0
577,-1.2646796776887634,0,0.0,0.0,1.0,0.0,0.0
578,0.5075916306413661,0,0.0,0.0,0.0,0.0,1.0
579,1.2296280895906782,1,1.0,0.0,0.0,1.0,0.0
580,1.6234661581084848,0,2.0,0.0,0.0,1.0,0.0
581,1.2952677676769793,0,2.0,0.0,0.0,1.0,0.0
582,1.0327090553317748,1,2.0,0.0,0.0,0.0,1.0
583,-1.3959590338613654,1,0.0,1.0,0.0,0.0,0.0
584,0.24503291829616178,1,1.0,0.0,1.0,0.0,0.0
585,0.1137535621235596,1,1.0,1.0,0.0,0.0,0.0
586,-0.5426432187394513,0,1.0,0.0,0.0,1.0,0.0
587,0.6388709868139684,0,0.0,0.0,1.0,0.0,0.0
588,-1.5272383900339677,0,2.0,0.0,0.0,0.0,1.0
589,-0.34572418448054804,1,0.0,0.0,0.0,0.0,1.0
590,1.2952677676769793,0,2.0,1.0,0.0,0.0,0.0
591,-0.6739225749120535,1,1.0,0.0,1.0,0.0,0.0
592,0.7045106649002695,0,2.0,0.0,0.0,1.0,0.0
593,1.0327090553317748,1,1.0,1.0,0.0,0.0,0.0
594,-1.3959590338613654,0,1.0,0.0,0.0,0.0,1.0
595,1.5578264800221837,0,1.0,0.0,1.0,0.0,0.0
596,1.6234661581084848,1,2.0,0.0,1.0,0.0,0.0
597,-0.8052019310846557,1,0.0,0.0,0.0,0.0,1.0
598,0.31067259638246286,1,1.0,0.0,0.0,1.0,0.0
599,1.2952677676769793,0,2.0,0.0,0.0,1.0,0.0
600,-0.14880515022164478,0,1.0,0.0,0.0,0.0,1.0
601,0.5732313087276673,1,2.0,0.0,0.0,0.0,1.0
602,0.6388709868139684,1,0.0,0.0,0.0,1.0,0.0
603,-1.06776064342986,1,1.0,1.0,0.0,0.0,0.0
604,0.048113884037258504,1,1.0,1.0,0.0,0.0,0.0
605,0.048113884037258504,0,1.0,0.0,1.0,0.0,0.0
606,-0.21444482830794587,1,0.0,0.0,1.0,0.0,0.0
607,-0.8708416091709568,1,2.0,1.0,0.0,0.0,0.0
608,-0.6739225749120535,0,1.0,0.0,1.0,0.0,0.0
609,0.5732313087276673,0,1.0,1.0,0.0,0.0,0.0
610,0.048113884037258504,1,0.0,0.0,1.0,0.0,0.0
611,1.689105836194786,0,2.0,1.0,0.0,0.0,0.0
612,0.8357900210728716,1,0.0,0.0,1.0,0.0,0.0
613,1.3609074457632804,0,0.0,0.0,1.0,0.0,0.0
614,-0.6082828968257524,0,1.0,1.0,0.0,0.0,0.0
615,1.4265471238495815,1,2.0,0.0,0.0,1.0,0.0
616,0.9670693772454738,0,1.0,1.0,0.0,0.0,0.0
617,-1.6585177462065699,1,1.0,1.0,0.0,0.0,0.0
618,-1.002120965343559,1,0.0,0.0,0.0,0.0,1.0
619,-0.9364812872572579,0,0.0,0.0,0.0,1.0,0.0
620,-0.8052019310846557,0,1.0,0.0,1.0,0.0,0.0
621,-1.1990399996024623,1,0.0,0.0,0.0,1.0,0.0
622,0.31067259638246286,0,0.0,0.0,0.0,1.0,0.0
623,-1.2646796776887634,0,2.0,0.0,0.0,1.0,0.0
624,1.2952677676769793,0,1.0,0.0,0.0,0.0,1.0
625,0.31067259638246286,1,1.0,0.0,0.0,0.0,1.0
626,-0.6739225749120535,0,2.0,0.0,1.0,0.0,0.0
627,1.0327090553317748,0,0.0,1.0,0.0,0.0,0.0
628,0.8357900210728716,1,2.0,0.0,0.0,1.0,0.0
629,1.163988411504377,0,2.0,0.0,1.0,0.0,0.0
630,-0.47700354065315026,1,2.0,0.0,1.0,0.0,0.0
631,-1.1990399996024623,1,0.0,0.0,0.0,0.0,1.0
632,0.1793932402098607,1,2.0,1.0,0.0,0.0,0.0
633,-1.5928780681202688,1,1.0,1.0,0.0,0.0,0.0
634,1.0327090553317748,0,0.0,0.0,0.0,0.0,1.0
635,-1.5272383900339677,1,2.0,0.0,0.0,1.0,0.0
636,1.6234661581084848,1,2.0,0.0,0.0,0.0,1.0
637,0.1793932402098607,1,2.0,0.0,1.0,0.0,0.0
638,-0.7395622529983547,0,2.0,0.0,0.0,0.0,1.0
639,0.7701503429865705,1,2.0,1.0,0.0,0.0,0.0
640,0.1137535621235596,1,2.0,0.0,0.0,1.0,0.0
641,0.7045106649002695,1,1.0,0.0,1.0,0.0,0.0
642,0.376312274468764,1,0.0,0.0,1.0,0.0,0.0
643,0.24503291829616178,1,1.0,1.0,0.0,0.0,0.0
644,1.6234661581084848,1,2.0,0.0,0.0,0.0,1.0
645,1.3609074457632804,1,2.0,0.0,1.0,0.0,0.0
646,0.24503291829616178,1,2.0,0.0,0.0,0.0,1.0
647,1.6234661581084848,1,1.0,0.0,1.0,0.0,0.0
648,0.5075916306413661,1,2.0,1.0,0.0,0.0,0.0
649,-0.8708416091709568,1,1.0,0.0,1.0,0.0,0.0
650,0.4419519525550651,1,0.0,0.0,1.0,0.0,0.0
651,1.0327090553317748,0,1.0,0.0,0.0,1.0,0.0
652,-0.6082828968257524,0,1.0,0.0,1.0,0.0,0.0
653,-1.5272383900339677,1,0.0,1.0,0.0,0.0,0.0
654,-1.1334003215161612,0,2.0,0.0,1.0,0.0,0.0
655,1.689105836194786,0,1.0,1.0,0.0,0.0,0.0
656,-1.002120965343559,0,0.0,0.0,0.0,0.0,1.0
657,1.4921868019358826,1,1.0,1.0,0.0,0.0,0.0
658,0.048113884037258504,0,1.0,0.0,0.0,0.0,1.0
659,0.1137535621235596,0,0.0,0.0,1.0,0.0,0.0
660,-1.5928780681202688,1,1.0,1.0,0.0,0.0,0.0
661,-1.6585177462065699,0,0.0,0.0,0.0,1.0,0.0
662,-1.3303193557750645,0,1.0,1.0,0.0,0.0,0.0
663,-0.08316547213534368,0,2.0,0.0,0.0,0.0,1.0
664,0.5732313087276673,0,0.0,0.0,0.0,0.0,1.0
665,-0.6739225749120535,1,2.0,0.0,0.0,1.0,0.0
666,-1.4615987119476666,0,1.0,1.0,0.0,0.0,0.0
667,1.3609074457632804,1,2.0,0.0,1.0,0.0,0.0
668,0.7701503429865705,0,0.0,1.0,0.0,0.0,0.0
669,1.163988411504377,0,1.0,1.0,0.0,0.0,0.0
670,-0.41136386256684915,0,0.0,1.0,0.0,0.0,0.0
671,-0.08316547213534368,0,1.0,0.0,0.0,1.0,0.0
672,-1.2646796776887634,0,2.0,0.0,0.0,1.0,0.0
673,-0.34572418448054804,1,2.0,0.0,0.0,1.0,0.0
674,-1.2646796776887634,1,0.0,0.0,0.0,1.0,0.0
675,0.1793932402098607,1,0.0,0.0,0.0,1.0,0.0
676,1.689105836194786,0,1.0,0.0,1.0,0.0,0.0
677,-1.2646796776887634,1,0.0,1.0,0.0,0.0,0.0
678,-1.5272383900339677,0,0.0,1.0,0.0,0.0,0.0
679,0.1793932402098607,1,2.0,0.0,1.0,0.0,0.0
680,0.1793932402098607,1,0.0,0.0,1.0,0.0,0.0
681,0.8357900210728716,1,0.0,0.0,1.0,0.0,0.0
682,0.7701503429865705,0,1.0,0.0,1.0,0.0,0.0
683,-1.3303193557750645,1,2.0,0.0,0.0,1.0,0.0
684,1.2952677676769793,0,2.0,1.0,0.0,0.0,0.0
685,-1.06776064342986,1,1.0,0.0,1.0,0.0,0.0
686,0.7045106649002695,0,2.0,0.0,0.0,0.0,1.0
687,-0.8052019310846557,0,1.0,0.0,1.0,0.0,0.0
688,-0.280084506394247,0,1.0,1.0,0.0,0.0,0.0
689,0.376312274468764,0,0.0,0.0,0.0,0.0,1.0
690,-0.5426432187394513,0,0.0,0.0,1.0,0.0,0.0
691,0.6388709868139684,0,1.0,0.0,0.0,1.0,0.0
692,1.2952677676769793,0,0.0,0.0,0.0,1.0,0.0
693,1.689105836194786,0,0.0,0.0,0.0,0.0,1.0
694,-1.1334003215161612,0,2.0,0.0,0.0,1.0,0.0
695,-0.01752579404904259,0,2.0,0.0,0.0,0.0,1.0
696,-0.280084506394247,1,0.0,0.0,1.0,0.0,0.0
697,1.2952677676769793,0,1.0,1.0,0.0,0.0,0.0
698,0.7701503429865705,1,1.0,0.0,0.0,0.0,1.0
699,-0.21444482830794587,1,0.0,0.0,1.0,0.0,0.0
700,-0.6082828968257524,0,0.0,0.0,0.0,0.0,1.0
701,-0.01752579404904259,1,1.0,1.0,0.0,0.0,0.0
702,1.3609074457632804,0,2.0,0.0,0.0,1.0,0.0
703,0.7701503429865705,0,2.0,0.0,0.0,1.0,0.0
704,-1.5928780681202688,1,1.0,0.0,0.0,0.0,1.0
705,-1.3303193557750645,0,0.0,1.0,0.0,0.0,0.0
706,-1.2646796776887634,1,2.0,0.0,1.0,0.0,0.0
707,-0.8708416091709568,1,1.0,0.0,1.0,0.0,0.0
708,0.048113884037258504,1,0.0,0.0,1.0,0.0,0.0
709,-1.002120965343559,1,0.0,0.0,0.0,0.0,1.0
710,-0.7395622529983547,0,2.0,0.0,0.0,1.0,0.0
711,-1.1334003215161612,0,0.0,0.0,0.0,0.0,1.0
712,-1.1990399996024623,0,1.0,0.0,0.0,0.0,1.0
713,1.2952677676769793,1,1.0,0.0,0.0,0.0,1.0
714,-1.3303193557750645,0,1.0,0.0,1.0,0.0,0.0
715,1.4265471238495815,1,1.0,1.0,0.0,0.0,0.0
716,1.098348733418076,1,0.0,0.0,0.0,0.0,1.0
717,-1.4615987119476666,1,1.0,0.0,1.0,0.0,0.0
718,-1.002120965343559,1,2.0,0.0,0.0,0.0,1.0
719,1.6234661581084848,1,0.0,0.0,0.0,0.0,1.0
720,0.1137535621235596,1,0.0,0.0,1.0,0.0,0.0
721,-0.01752579404904259,0,0.0,1.0,0.0,0.0,0.0
722,-1.4615987119476666,0,1.0,1.0,0.0,0.0,0.0
723,-0.7395622529983547,0,0.0,0.0,0.0,1.0,0.0
724,-0.47700354065315026,1,1.0,0.0,0.0,0.0,1.0
725,-1.3303193557750645,1,1.0,0.0,0.0,1.0,0.0
726,-1.3959590338613654,0,0.0,0.0,1.0,0.0,0.0
727,-0.5426432187394513,0,0.0,0.0,0.0,0.0,1.0
728,-1.3303193557750645,0,1.0,0.0,1.0,0.0,0.0
729,0.31067259638246286,1,0.0,0.0,0.0,1.0,0.0
730,-0.08316547213534368,0,0.0,0.0,1.0,0.0,0.0
731,-1.4615987119476666,0,1.0,0.0,1.0,0.0,0.0
732,-1.3303193557750645,1,1.0,1.0,0.0,0.0,0.0
733,0.9670693772454738,1,0.0,0.0,0.0,0.0,1.0
734,0.7045106649002695,0,1.0,0.0,0.0,0.0,1.0
735,1.5578264800221837,0,1.0,0.0,0.0,0.0,1.0
736,-0.08316547213534368,1,2.0,0.0,1.0,0.0,0.0
737,0.5075916306413661,1,0.0,1.0,0.0,0.0,0.0
738,-0.47700354065315026,1,0.0,0.0,0.0,1.0,0.0
739,0.5075916306413661,1,0.0,0.0,0.0,0.0,1.0
740,-0.7395622529983547,0,0.0,0.0,1.0,0.0,0.0
741,1.5578264800221837,0,0.0,1.0,0.0,0.0,0.0
742,-1.1990399996024623,0,1.0,1.0,0.0,0.0,0.0
743,1.163988411504377,0,0.0,0.0,0.0,0.0,1.0
744,1.3609074457632804,0,0.0,1.0,0.0,0.0,0.0
745,1.4921868019358826,1,2.0,1.0,0.0,0.0,0.0
746,0.5075916306413661,1,1.0,0.0,1.0,0.0,0.0
747,-0.5426432187394513,0,0.0,0.0,0.0,1.0,0.0
748,0.24503291829616178,1,0.0,1.0,0.0,0.0,0.0
749,-0.8708416091709568,0,0.0,0.0,0.0,1.0,0.0
750,1.3609074457632804,0,0.0,1.0,0.0,0.0,0.0
751,0.4419519525550651,0,1.0,1.0,0.0,0.0,0.0
752,0.5732313087276673,0,2.0,1.0,0.0,0.0,0.0
753,1.689105836194786,1,2.0,0.0,0.0,0.0,1.0
754,-0.14880515022164478,0,0.0,0.0,0.0,0.0,1.0
755,-0.01752579404904259,0,2.0,0.0,0.0,0.0,1.0
756,1.3609074457632804,0,2.0,0.0,0.0,1.0,0.0
757,1.6234661581084848,1,2.0,0.0,0.0,1.0,0.0
758,1.163988411504377,0,2.0,0.0,0.0,0.0,1.0
759,1.0327090553317748,1,2.0,0.0,0.0,1.0,0.0
760,1.3609074457632804,1,1.0,0.0,1.0,0.0,0.0
761,-1.6585177462065699,0,1.0,0.0,0.0,1.0,0.0
762,-0.8708416091709568,1,1.0,0.0,1.0,0.0,0.0
763,-1.06776064342986,1,2.0,0.0,0.0,0.0,1.0
764,-0.47700354065315026,0,1.0,0.0,1.0,0.0,0.0
765,-1.3959590338613654,0,2.0,0.0,0.0,0.0,1.0
766,-1.1990399996024623,1,2.0,0.0,0.0,0.0,1.0
767,-1.4615987119476666,0,1.0,0.0,0.0,0.0,1.0
768,1.4921868019358826,1,0.0,0.0,0.0,1.0,0.0
769,-0.8708416091709568,0,2.0,1.0,0.0,0.0,0.0
770,0.7701503429865705,0,2.0,1.0,0.0,0.0,0.0
771,1.2952677676769793,0,1.0,0.0,1.0,0.0,0.0
772,1.4921868019358826,1,2.0,1.0,0.0,0.0,0.0
773,1.2952677676769793,1,2.0,0.0,0.0,0.0,1.0
774,-0.47700354065315026,1,2.0,1.0,0.0,0.0,0.0
775,1.689105836194786,0,1.0,0.0,1.0,0.0,0.0
776,1.5578264800221837,1,0.0,0.0,0.0,0.0,1.0
777,-1.1990399996024623,0,0.0,0.0,0.0,1.0,0.0
778,0.048113884037258504,0,1.0,0.0,0.0,0.0,1.0
779,1.5578264800221837,1,2.0,0.0,0.0,0.0,1.0
780,1.3609074457632804,0,0.0,0.0,1.0,0.0,0.0
781,0.24503291829616178,1,1.0,0.0,0.0,1.0,0.0
782,-1.4615987119476666,0,1.0,0.0,0.0,0.0,1.0
783,-1.002120965343559,1,2.0,0.0,0.0,1.0,0.0
784,-0.34572418448054804,0,2.0,0.0,0.0,0.0,1.0
785,1.098348733418076,0,1.0,0.0,0.0,0.0,1.0
786,-1.5928780681202688,1,1.0,0.0,1.0,0.0,0.0
787,-0.34572418448054804,1,1.0,0.0,0.0,0.0,1.0
788,-0.6082828968257524,0,0.0,0.0,0.0,0.0,1.0
789,1.098348733418076,1,2.0,0.0,0.0,0.0,1.0
790,1.6234661581084848,0,1.0,1.0,0.0,0.0,0.0
791,0.1793932402098607,0,2.0,0.0,0.0,1.0,0.0
792,0.048113884037258504,0,0.0,0.0,1.0,0.0,0.0
793,-0.14880515022164478,0,1.0,0.0,1.0,0.0,0.0
794,1.4921868019358826,0,2.0,0.0,1.0,0.0,0.0
795,-1.5272383900339677,1,0.0,0.0,0.0,0.0,1.0
796,0.8357900210728716,1,1.0,0.0,0.0,1.0,0.0
797,-1.06776064342986,1,2.0,1.0,0.0,0.0,0.0
798,-1.5272383900339677,0,1.0,1.0,0.0,0.0,0.0
799,1.2296280895906782,1,2.0,0.0,1.0,0.0,0.0
800,1.0327090553317748,1,2.0,0.0,0.0,1.0,0.0
801,-0.01752579404904259,1,0.0,1.0,0.0,0.0,0.0
802,0.7045106649002695,0,0.0,0.0,1.0,0.0,0.0
803,0.048113884037258504,1,0.0,1.0,0.0,0.0,0.0
804,-1.3959590338613654,1,0.0,1.0,0.0,0.0,0.0
805,1.0327090553317748,1,0.0,0.0,0.0,1.0,0.0
806,-1.002120965343559,0,2.0,0.0,1.0,0.0,0.0
807,-0.8708416091709568,1,0.0,1.0,0.0,0.0,0.0
808,0.9670693772454738,0,2.0,0.0,0.0,0.0,1.0
809,0.5075916306413661,0,2.0,0.0,0.0,0.0,1.0
810,0.7701503429865705,1,1.0,1.0,0.0,0.0,0.0
811,0.9014296991591727,0,2.0,0.0,0.0,1.0,0.0
812,0.4419519525550651,1,2.0,0.0,0.0,1.0,0.0
813,0.5075916306413661,0,0.0,1.0,0.0,0.0,0.0
814,0.048113884037258504,1,2.0,0.0,0.0,1.0,0.0
815,0.6388709868139684,1,0.0,0.0,0.0,1.0,0.0
816,-0.01752579404904259,0,2.0,0.0,0.0,0.0,1.0
817,1.6234661581084848,1,2.0,0.0,1.0,0.0,0.0
818,-0.08316547213534368,0,0.0,0.0,1.0,0.0,0.0
819,-0.47700354065315026,1,1.0,1.0,0.0,0.0,0.0
820,-0.34572418448054804,0,2.0,1.0,0.0,0.0,0.0
821,0.31067259638246286,0,2.0,1.0,0.0,0.0,0.0
822,0.1793932402098607,0,0.0,0.0,0.0,0.0,1.0
823,-1.1334003215161612,0,0.0,0.0,0.0,0.0,1.0
824,-0.47700354065315026,0,1.0,0.0,0.0,1.0,0.0
825,-0.01752579404904259,1,1.0,0.0,0.0,0.0,1.0
826,-0.08316547213534368,1,1.0,0.0,1.0,0.0,0.0
827,0.9014296991591727,0,2.0,0.0,0.0,0.0,1.0
828,1.098348733418076,1,2.0,1.0,0.0,0.0,0.0
829,0.1793932402098607,1,0.0,0.0,1.0,0.0,0.0
830,-0.08316547213534368,0,0.0,0.0,0.0,1.0,0.0
831,-0.47700354065315026,0,0.0,0.0,1.0,0.0,0.0
832,-1.4615987119476666,0,1.0,0.0,0.0,0.0,1.0
833,1.2296280895906782,0,1.0,0.0,0.0,0.0,1.0
834,-0.41136386256684915,1,1.0,0.0,0.0,1.0,0.0
835,1.2952677676769793,1,2.0,1.0,0.0,0.0,0.0
836,-1.6585177462065699,0,2.0,0.0,0.0,1.0,0.0
837,-1.002120965343559,1,0.0,0.0,0.0,1.0,0.0
838,-1.4615987119476666,1,1.0,0.0,0.0,1.0,0.0
839,-1.2646796776887634,0,2.0,0.0,0.0,1.0,0.0
840,0.1137535621235596,1,1.0,0.0,0.0,0.0,1.0
841,0.6388709868139684,1,2.0,1.0,0.0,0.0,0.0
842,-1.2646796776887634,0,1.0,0.0,1.0,0.0,0.0
843,-0.41136386256684915,1,2.0,1.0,0.0,0.0,0.0
844,0.5732313087276673,1,2.0,1.0,0.0,0.0,0.0
845,1.6234661581084848,1,2.0,0.0,0.0,1.0,0.0
846,1.6234661581084848,0,2.0,1.0,0.0,0.0,0.0
847,0.8357900210728716,0,0.0,0.0,0.0,1.0,0.0
848,-0.34572418448054804,1,1.0,0.0,1.0,0.0,0.0
849,1.163988411504377,0,2.0,0.0,0.0,1.0,0.0
850,-1.6585177462065699,1,2.0,0.0,1.0,0.0,0.0
851,0.7045106649002695,0,1.0,1.0,0.0,0.0,0.0
852,1.2952677676769793,1,2.0,0.0,0.0,1.0,0.0
853,1.0327090553317748,0,2.0,0.0,0.0,0.0,1.0
854,-1.5272383900339677,1,1.0,0.0,1.0,0.0,0.0
855,0.5075916306413661,1,0.0,1.0,0.0,0.0,0.0
856,-0.8708416091709568,0,0.0,0.0,1.0,0.0,0.0
857,-0.6739225749120535,1,2.0,0.0,0.0,1.0,0.0
858,0.5075916306413661,1,0.0,0.0,0.0,0.0,1.0
859,-0.14880515022164478,0,0.0,0.0,1.0,0.0,0.0
860,-0.8708416091709568,0,2.0,0.0,1.0,0.0,0.0
861,-1.3303193557750645,1,2.0,0.0,1.0,0.0,0.0
862,0.8357900210728716,1,0.0,1.0,0.0,0.0,0.0
863,-1.5928780681202688,1,2.0,0.0,0.0,0.0,1.0
864,-1.002120965343559,0,2.0,0.0,0.0,0.0,1.0
865,-1.2646796776887634,0,0.0,0.0,0.0,0.0,1.0
866,-1.2646796776887634,1,1.0,0.0,1.0,0.0,0.0
867,0.8357900210728716,1,0.0,0.0,1.0,0.0,0.0
868,0.8357900210728716,1,0.0,0.0,1.0,0.0,0.0
869,-0.9364812872572579,1,0.0,0.0,1.0,0.0,0.0
870,1.6234661581084848,0,2.0,0.0,0.0,1.0,0.0
871,-0.280084506394247,1,0.0,0.0,0.0,1.0,0.0
872,1.6234661581084848,1,2.0,1.0,0.0,0.0,0.0
873,1.6234661581084848,0,1.0,0.0,1.0,0.0,0.0
874,1.689105836194786,0,0.0,1.0,0.0,0.0,0.0
875,-1.5272383900339677,0,1.0,0.0,0.0,0.0,1.0
876,-0.8708416091709568,0,0.0,0.0,1.0,0.0,0.0
877,0.24503291829616178,1,2.0,0.0,0.0,1.0,0.0
878,-1.06776064342986,1,1.0,0.0,1.0,0.0,0.0
879,1.689105836194786,0,0.0,0.0,0.0,0.0,1.0
880,-1.1334003215161612,0,1.0,1.0,0.0,0.0,0.0
881,-1.3303193557750645,1,2.0,0.0,1.0,0.0,0.0
882,1.163988411504377,1,2.0,0.0,0.0,1.0,0.0
883,-1.5928780681202688,1,0.0,0.0,0.0,0.0,1.0
884,1.163988411504377,0,0.0,0.0,0.0,0.0,1.0
885,-0.6739225749120535,0,1.0,1.0,0.0,0.0,0.0
886,-0.8708416091709568,0,2.0,0.0,1.0,0.0,0.0
887,1.4265471238495815,1,2.0,0.0,0.0,1.0,0.0
888,-0.8708416091709568,1,0.0,0.0,1.0,0.0,0.0
889,-0.280084506394247,1,2.0,0.0,0.0,1.0,0.0
890,-0.47700354065315026,0,2.0,1.0,0.0,0.0,0.0
891,-0.01752579404904259,0,2.0,0.0,0.0,0.0,1.0
892,-0.8052019310846557,1,1.0,1.0,0.0,0.0,0.0
893,0.31067259638246286,1,1.0,0.0,0.0,0.0,1.0
894,0.1793932402098607,0,1.0,0.0,1.0,0.0,0.0
895,1.2296280895906782,0,2.0,0.0,0.0,0.0,1.0
896,1.0327090553317748,0,0.0,0.0,0.0,1.0,0.0
897,-0.280084506394247,1,0.0,1.0,0.0,0.0,0.0
898,-1.2646796776887634,1,0.0,0.0,0.0,0.0,1.0
899,0.7045106649002695,0,1.0,0.0,0.0,0.0,1.0
900,1.4921868019358826,1,2.0,0.0,1.0,0.0,0.0
901,0.9670693772454738,0,1.0,0.0,1.0,0.0,0.0
902,0.048113884037258504,1,1.0,0.0,1.0,0.0,0.0
903,0.31067259638246286,1,0.0,0.0,0.0,1.0,0.0
904,-1.3303193557750645,1,0.0,0.0,1.0,0.0,0.0
905,-0.6739225749120535,0,2.0,0.0,0.0,0.0,1.0
906,0.7701503429865705,1,1.0,0.0,0.0,1.0,0.0
907,0.7701503429865705,0,2.0,0.0,1.0,0.0,0.0
908,1.5578264800221837,1,1.0,0.0,0.0,0.0,1.0
909,0.376312274468764,0,2.0,0.0,0.0,1.0,0.0
910,0.4419519525550651,0,1.0,0.0,0.0,0.0,1.0
911,1.4921868019358826,0,2.0,0.0,1.0,0.0,0.0
912,-0.6082828968257524,0,1.0,0.0,1.0,0.0,0.0
913,0.4419519525550651,0,1.0,0.0,0.0,1.0,0.0
914,-1.002120965343559,1,0.0,1.0,0.0,0.0,0.0
915,-0.8708416091709568,1,1.0,0.0,0.0,0.0,1.0
916,0.24503291829616178,0,0.0,0.0,0.0,0.0,1.0
917,-1.6585177462065699,0,2.0,1.0,0.0,0.0,0.0
918,0.24503291829616178,0,0.0,1.0,0.0,0.0,0.0
919,0.048113884037258504,1,1.0,0.0,0.0,0.0,1.0
920,0.9014296991591727,0,0.0,0.0,0.0,1.0,0.0
921,-0.21444482830794587,1,0.0,1.0,0.0,0.0,0.0
922,-0.41136386256684915,0,2.0,0.0,1.0,0.0,0.0
923,-1.3303193557750645,1,0.0,0.0,0.0,1.0,0.0
924,0.7045106649002695,0,2.0,1.0,0.0,0.0,0.0
925,-0.41136386256684915,1,2.0,0.0,1.0,0.0,0.0
926,0.7045106649002695,1,0.0,0.0,1.0,0.0,0.0
927,-1.3303193557750645,0,1.0,0.0,0.0,0.0,1.0
928,0.1793932402098607,0,2.0,0.0,0.0,1.0,0.0
929,-0.8708416091709568,0,0.0,1.0,0.0,0.0,0.0
930,0.048113884037258504,0,2.0,0.0,1.0,0.0,0.0
931,1.5578264800221837,1,0.0,0.0,0.0,0.0,1.0
932,-0.41136386256684915,1,0.0,1.0,0.0,0.0,0.0
933,-0.8708416091709568,1,1.0,0.0,1.0,0.0,0.0
934,0.8357900210728716,1,0.0,0.0,0.0,0.0,1.0
935,-1.1990399996024623,1,2.0,0.0,1.0,0.0,0.0
936,-0.6082828968257524,1,2.0,0.0,0.0,0.0,1.0
937,0.24503291829616178,0,1.0,0.0,0.0,0.0,1.0
938,-1.6585177462065699,1,2.0,0.0,0.0,1.0,0.0
939,-0.14880515022164478,1,1.0,1.0,0.0,0.0,0.0
940,-0.6739225749120535,1,0.0,0.0,0.0,0.0,1.0
941,-1.002120965343559,0,0.0,0.0,1.0,0.0,0.0
942,-1.4615987119476666,1,0.0,1.0,0.0,0.0,0.0
943,-1.4615987119476666,0,1.0,1.0,0.0,0.0,0.0
944,-0.6082828968257524,1,2.0,1.0,0.0,0.0,0.0
945,1.4921868019358826,1,2.0,0.0,0.0,1.0,0.0
946,-1.06776064342986,0,0.0,0.0,0.0,0.0,1.0
947,-0.34572418448054804,1,2.0,0.0,0.0,0.0,1.0
948,0.7701503429865705,1,1.0,0.0,0.0,0.0,1.0
949,1.4921868019358826,0,1.0,0.0,0.0,0.0,1.0
950,-0.5426432187394513,0,1.0,0.0,1.0,0.0,0.0
951,-1.06776064342986,1,1.0,0.0,0.0,0.0,1.0
952,1.2296280895906782,1,2.0,1.0,0.0,0.0,0.0
953,-0.6739225749120535,0,1.0,0.0,0.0,0.0,1.0
954,0.8357900210728716,0,2.0,0.0,0.0,0.0,1.0
955,-0.7395622529983547,0,0.0,0.0,0.0,0.0,1.0
956,0.5075916306413661,0,2.0,0.0,0.0,0.0,1.0
957,-1.3959590338613654,1,1.0,0.0,0.0,1.0,0.0
958,-0.6082828968257524,1,2.0,1.0,0.0,0.0,0.0
959,0.7045106649002695,0,0.0,0.0,0.0,1.0,0.0
960,-1.1990399996024623,1,0.0,1.0,0.0,0.0,0.0
961,-0.14880515022164478,0,0.0,0.0,0.0,0.0,1.0
962,0.1137535621235596,0,2.0,0.0,0.0,0.0,1.0
963,1.3609074457632804,1,1.0,1.0,0.0,0.0,0.0
964,-1.1990399996024623,0,1.0,1.0,0.0,0.0,0.0
965,-0.21444482830794587,0,2.0,0.0,0.0,1.0,0.0
966,0.5732313087276673,1,1.0,0.0,0.0,1.0,0.0
967,0.31067259638246286,1,1.0,0.0,1.0,0.0,0.0
968,-0.6082828968257524,0,2.0,0.0,1.0,0.0,0.0
969,0.1137535621235596,1,0.0,0.0,0.0,1.0,0.0
970,1.4265471238495815,1,1.0,0.0,1.0,0.0,0.0
971,1.4265471238495815,1,0.0,0.0,0.0,1.0,0.0
972,1.6234661581084848,1,1.0,0.0,0.0,1.0,0.0
973,-0.9364812872572579,1,0.0,0.0,0.0,1.0,0.0
974,-0.14880515022164478,1,0.0,0.0,1.0,0.0,0.0
975,-0.7395622529983547,0,1.0,1.0,0.0,0.0,0.0
976,0.9014296991591727,1,1.0,0.0,0.0,0.0,1.0
977,0.31067259638246286,0,2.0,0.0,1.0,0.0,0.0
978,0.048113884037258504,0,1.0,0.0,0.0,0.0,1.0
979,0.5732313087276673,0,1.0,0.0,0.0,0.0,1.0
980,-0.5426432187394513,1,2.0,1.0,0.0,0.0,0.0
981,0.6388709868139684,1,0.0,0.0,1.0,0.0,0.0
982,-1.1990399996024623,0,2.0,0.0,0.0,0.0,1.0
983,1.2952677676769793,0,0.0,1.0,0.0,0.0,0.0
984,1.4921868019358826,0,2.0,1.0,0.0,0.0,0.0
985,0.7701503429865705,0,1.0,0.0,0.0,1.0,0.0
986,-1.3959590338613654,1,1.0,0.0,1.0,0.0,0.0
987,-0.8052019310846557,0,0.0,0.0,0.0,0.0,1.0
988,0.7701503429865705,1,1.0,1.0,0.0,0.0,0.0
989,-0.41136386256684915,0,0.0,0.0,0.0,0.0,1.0
990,1.163988411504377,1,2.0,0.0,1.0,0.0,0.0
991,-1.1334003215161612,1,1.0,0.0,0.0,1.0,0.0
992,0.4419519525550651,0,0.0,0.0,0.0,0.0,1.0
993,-0.5426432187394513,0,2.0,0.0,0.0,1.0,0.0
994,-1.3303193557750645,0,1.0,1.0,0.0,0.0,0.0
995,0.7045106649002695,0,1.0,0.0,0.0,1.0,0.0
996,-1.5928780681202688,1,0.0,0.0,0.0,0.0,1.0
997,0.24503291829616178,1,1.0,0.0,1.0,0.0,0.0
998,-1.3303193557750645,1,0.0,0.0,0.0,0.0,1.0
999,-0.6082828968257524,1,1.0,0.0,0.0,0.0,1.0
